pair,feature_name,source_table,best_horizon,max_corr,h15,h30,h45,h60,h75,h90,h105
chfjpy,reg_mean_360,reg_chfjpy,h15,1.0,1.0,1.0,1.0,1.0,1.0,1.0,1.0
chfjpy,agg_mean_360,agg_chfjpy,h15,1.0,1.0,1.0,1.0,1.0,1.0,1.0,1.0
chfjpy,agg_mean_720,agg_chfjpy,h15,1.0,1.0,1.0,1.0,1.0,1.0,1.0,1.0
chfjpy,reg_mean_720,reg_chfjpy,h15,1.0,1.0,1.0,1.0,1.0,1.0,1.0,1.0
chfjpy,reg_mean_180,reg_chfjpy,h45,1.0,1.0,1.0,1.0,1.0,1.0,1.0,1.0
chfjpy,agg_mean_180,agg_chfjpy,h45,1.0,1.0,1.0,1.0,1.0,1.0,1.0,1.0
chfjpy,sma_90,lag_chfjpy_90,h75,1.0,1.0,1.0,1.0,1.0,1.0,1.0,1.0
chfjpy,agg_mean_90,agg_chfjpy,h75,1.0,1.0,1.0,1.0,1.0,1.0,1.0,1.0
chfjpy,reg_mean_90,reg_chfjpy,h75,1.0,1.0,1.0,1.0,1.0,1.0,1.0,1.0
chfjpy,sma_45,lag_chfjpy_45,h90,1.0,1.0,1.0,1.0,1.0,1.0,1.0,1.0
chfjpy,val1,cov_agg_chfjpy_nzdjpy,h90,1.0,1.0,1.0,1.0,1.0,1.0,1.0,1.0
chfjpy,val1,cov_reg_chfjpy_nzdjpy,h90,1.0,1.0,1.0,1.0,1.0,1.0,1.0,1.0
chfjpy,agg_mean_45,agg_chfjpy,h90,1.0,1.0,1.0,1.0,1.0,1.0,1.0,1.0
chfjpy,reg_mean_45,reg_chfjpy,h90,1.0,1.0,1.0,1.0,1.0,1.0,1.0,1.0
chfjpy,val2,cov_agg_audjpy_chfjpy,h90,1.0,1.0,1.0,1.0,1.0,1.0,1.0,1.0
chfjpy,val2,cov_reg_audjpy_chfjpy,h90,1.0,1.0,1.0,1.0,1.0,1.0,1.0,1.0
chfjpy,val2,cov_agg_cadjpy_chfjpy,h90,1.0,1.0,1.0,1.0,1.0,1.0,1.0,1.0
chfjpy,val2,cov_reg_cadjpy_chfjpy,h90,1.0,1.0,1.0,1.0,1.0,1.0,1.0,1.0
chfjpy,val1,cov_reg_chfjpy_gbpchf,h90,1.0,1.0,1.0,1.0,1.0,1.0,1.0,1.0
chfjpy,val1,cov_agg_chfjpy_gbpchf,h90,1.0,1.0,1.0,1.0,1.0,1.0,1.0,1.0
chfjpy,val1,cov_agg_chfjpy_gbpjpy,h90,1.0,1.0,1.0,1.0,1.0,1.0,1.0,1.0
chfjpy,val1,cov_reg_chfjpy_gbpjpy,h90,1.0,1.0,1.0,1.0,1.0,1.0,1.0,1.0
chfjpy,val1,cov_reg_chfjpy_usdjpy,h90,1.0,1.0,1.0,1.0,1.0,1.0,1.0,1.0
chfjpy,val1,cov_agg_chfjpy_usdjpy,h90,1.0,1.0,1.0,1.0,1.0,1.0,1.0,1.0
chfjpy,val1,cov_agg_chfjpy_eurjpy,h90,1.0,1.0,1.0,1.0,1.0,1.0,1.0,1.0
chfjpy,val1,cov_reg_chfjpy_eurjpy,h90,1.0,1.0,1.0,1.0,1.0,1.0,1.0,1.0
chfjpy,val1,cov_reg_chfjpy_nzdchf,h90,1.0,1.0,1.0,1.0,1.0,1.0,1.0,1.0
chfjpy,val1,cov_agg_chfjpy_nzdchf,h90,1.0,1.0,1.0,1.0,1.0,1.0,1.0,1.0
chfjpy,agg_max_180,agg_chfjpy,h60,1.0,1.0,1.0,1.0,1.0,1.0,1.0,1.0
chfjpy,reg_max_180,reg_chfjpy,h60,1.0,1.0,1.0,1.0,1.0,1.0,1.0,1.0
chfjpy,val2,cov_agg_audchf_chfjpy,h90,1.0,1.0,1.0,1.0,1.0,1.0,1.0,1.0
chfjpy,val2,cov_reg_audchf_chfjpy,h90,1.0,1.0,1.0,1.0,1.0,1.0,1.0,1.0
chfjpy,high_lag_90,lag_chfjpy_90,h30,1.0,1.0,1.0,1.0,1.0,1.0,1.0,1.0
chfjpy,open_lag_90,lag_chfjpy_90,h30,1.0,1.0,1.0,1.0,1.0,1.0,1.0,1.0
chfjpy,close_lag_90,lag_chfjpy_90,h30,1.0,1.0,1.0,1.0,1.0,1.0,1.0,1.0
chfjpy,reg_const_term_90,reg_chfjpy,h30,1.0,1.0,1.0,1.0,1.0,1.0,1.0,1.0
chfjpy,reg_first_90,reg_chfjpy,h30,1.0,1.0,1.0,1.0,1.0,1.0,1.0,1.0
chfjpy,low_lag_90,lag_chfjpy_90,h30,1.0,1.0,1.0,1.0,1.0,1.0,1.0,1.0
chfjpy,val2,cov_agg_cadchf_chfjpy,h90,1.0,1.0,1.0,1.0,1.0,1.0,1.0,1.0
chfjpy,val2,cov_reg_cadchf_chfjpy,h90,1.0,1.0,1.0,1.0,1.0,1.0,1.0,1.0
chfjpy,agg_max_90,agg_chfjpy,h90,1.0,1.0,1.0,1.0,1.0,1.0,1.0,1.0
chfjpy,reg_max_90,reg_chfjpy,h90,1.0,1.0,1.0,1.0,1.0,1.0,1.0,1.0
chfjpy,val1,cov_reg_chfjpy_eurchf,h90,1.0,1.0,1.0,1.0,1.0,1.0,1.0,1.0
chfjpy,val1,cov_agg_chfjpy_eurchf,h90,1.0,1.0,1.0,1.0,1.0,1.0,1.0,1.0
chfjpy,reg_first_180,reg_chfjpy,h15,1.0,1.0,1.0,1.0,1.0,1.0,1.0,1.0
chfjpy,reg_const_term_180,reg_chfjpy,h15,1.0,1.0,1.0,1.0,1.0,1.0,1.0,1.0
chfjpy,agg_max_45,agg_chfjpy,h105,1.0,1.0,1.0,1.0,1.0,1.0,1.0,1.0
chfjpy,reg_max_45,reg_chfjpy,h105,1.0,1.0,1.0,1.0,1.0,1.0,1.0,1.0
chfjpy,high_lag_45,lag_chfjpy_45,h75,1.0,1.0,1.0,1.0,1.0,1.0,1.0,1.0
chfjpy,val1,cov_lag_chfjpy_usdjpy,h75,1.0,1.0,1.0,1.0,1.0,1.0,1.0,1.0
chfjpy,val1,cov_lag_chfjpy_gbpchf,h75,1.0,1.0,1.0,1.0,1.0,1.0,1.0,1.0
chfjpy,val1,cov_lag_chfjpy_nzdjpy,h75,1.0,1.0,1.0,1.0,1.0,1.0,1.0,1.0
chfjpy,open_lag_45,lag_chfjpy_45,h60,1.0,1.0,1.0,1.0,1.0,1.0,1.0,1.0
chfjpy,val1,cov_lag_chfjpy_gbpjpy,h75,1.0,1.0,1.0,1.0,1.0,1.0,1.0,1.0
chfjpy,close_lag_45,lag_chfjpy_45,h75,1.0,1.0,1.0,1.0,1.0,1.0,1.0,1.0
chfjpy,val2,cov_lag_audjpy_chfjpy,h75,1.0,1.0,1.0,1.0,1.0,1.0,1.0,1.0
chfjpy,reg_const_term_45,reg_chfjpy,h75,1.0,1.0,1.0,1.0,1.0,1.0,1.0,1.0
chfjpy,reg_first_45,reg_chfjpy,h75,1.0,1.0,1.0,1.0,1.0,1.0,1.0,1.0
chfjpy,val2,cov_lag_cadjpy_chfjpy,h75,1.0,1.0,1.0,1.0,1.0,1.0,1.0,1.0
chfjpy,low_lag_45,lag_chfjpy_45,h75,1.0,1.0,1.0,1.0,1.0,1.0,1.0,1.0
chfjpy,val1,cov_lag_chfjpy_eurjpy,h75,1.0,1.0,1.0,1.0,1.0,1.0,1.0,1.0
chfjpy,reg_max_360,reg_chfjpy,h30,1.0,1.0,1.0,1.0,1.0,1.0,1.0,1.0
chfjpy,agg_max_360,agg_chfjpy,h30,1.0,1.0,1.0,1.0,1.0,1.0,1.0,1.0
chfjpy,reg_min_180,reg_chfjpy,h45,1.0,1.0,1.0,1.0,1.0,1.0,1.0,1.0
chfjpy,agg_min_180,agg_chfjpy,h45,1.0,1.0,1.0,1.0,1.0,1.0,1.0,1.0
chfjpy,val1,cov_lag_chfjpy_nzdchf,h75,1.0,1.0,1.0,1.0,1.0,1.0,1.0,1.0
chfjpy,val2,cov_lag_audchf_chfjpy,h75,1.0,1.0,1.0,1.0,1.0,1.0,1.0,1.0
chfjpy,reg_ci_lower_2880,reg_chfjpy,h105,1.0,1.0,1.0,1.0,1.0,1.0,1.0,1.0
chfjpy,reg_ci_lower_1440,reg_chfjpy,h105,1.0,1.0,1.0,1.0,1.0,1.0,1.0,1.0
chfjpy,high_idx,chfjpy_idx,h105,1.0,1.0,1.0,1.0,1.0,1.0,1.0,1.0
chfjpy,reg_min_90,reg_chfjpy,h75,1.0,1.0,1.0,1.0,1.0,1.0,1.0,1.0
chfjpy,agg_min_90,agg_chfjpy,h75,1.0,1.0,1.0,1.0,1.0,1.0,1.0,1.0
chfjpy,reg_ci_lower_45,reg_chfjpy,h105,1.0,1.0,1.0,1.0,1.0,1.0,1.0,1.0
chfjpy,reg_ci_lower_720,reg_chfjpy,h105,1.0,1.0,1.0,1.0,1.0,1.0,1.0,1.0
chfjpy,reg_ci_lower_90,reg_chfjpy,h105,1.0,1.0,1.0,1.0,1.0,1.0,1.0,1.0
chfjpy,reg_ci_lower_360,reg_chfjpy,h105,1.0,1.0,1.0,1.0,1.0,1.0,1.0,1.0
chfjpy,reg_ci_lower_180,reg_chfjpy,h105,1.0,1.0,1.0,1.0,1.0,1.0,1.0,1.0
chfjpy,open_idx,chfjpy_idx,h105,1.0,1.0,1.0,1.0,1.0,1.0,1.0,1.0
chfjpy,val2,cov_lag_cadchf_chfjpy,h75,1.0,1.0,1.0,1.0,1.0,1.0,1.0,1.0
chfjpy,close_idx,chfjpy_idx,h105,1.0,1.0,1.0,1.0,1.0,1.0,1.0,1.0
chfjpy,reg_min_45,reg_chfjpy,h90,1.0,1.0,1.0,1.0,1.0,1.0,1.0,1.0
chfjpy,agg_min_45,agg_chfjpy,h90,1.0,1.0,1.0,1.0,1.0,1.0,1.0,1.0
chfjpy,reg_ci_upper_180,reg_chfjpy,h105,1.0,1.0,1.0,1.0,1.0,1.0,1.0,1.0
chfjpy,reg_ci_upper_360,reg_chfjpy,h105,1.0,1.0,1.0,1.0,1.0,1.0,1.0,1.0
chfjpy,low_idx,chfjpy_idx,h105,1.0,1.0,1.0,1.0,1.0,1.0,1.0,1.0
chfjpy,reg_ci_upper_720,reg_chfjpy,h105,1.0,1.0,1.0,1.0,1.0,1.0,1.0,1.0
chfjpy,reg_ci_upper_90,reg_chfjpy,h105,1.0,1.0,1.0,1.0,1.0,1.0,1.0,1.0
chfjpy,reg_ci_upper_1440,reg_chfjpy,h105,1.0,1.0,1.0,1.0,1.0,1.0,1.0,1.0
chfjpy,reg_ci_upper_2880,reg_chfjpy,h105,1.0,1.0,1.0,1.0,1.0,1.0,1.0,1.0
chfjpy,reg_ci_upper_45,reg_chfjpy,h105,1.0,1.0,1.0,1.0,1.0,1.0,1.0,1.0
chfjpy,val1,cov_lag_chfjpy_eurchf,h75,1.0,1.0,1.0,1.0,1.0,1.0,1.0,1.0
chfjpy,val1,cov_reg_chfjpy_usdchf,h90,1.0,1.0,1.0,1.0,1.0,1.0,1.0,1.0
chfjpy,val1,cov_agg_chfjpy_usdchf,h90,1.0,1.0,1.0,1.0,1.0,1.0,1.0,1.0
chfjpy,reg_min_360,reg_chfjpy,h15,1.0,1.0,1.0,1.0,1.0,1.0,1.0,1.0
chfjpy,agg_min_360,agg_chfjpy,h15,1.0,1.0,1.0,1.0,1.0,1.0,1.0,1.0
chfjpy,val1,cov_lag_chfjpy_usdchf,h75,1.0,1.0,1.0,1.0,1.0,1.0,1.0,1.0
chfjpy,reg_max_720,reg_chfjpy,h15,1.0,1.0,1.0,1.0,1.0,1.0,1.0,1.0
chfjpy,agg_max_720,agg_chfjpy,h15,1.0,1.0,1.0,1.0,1.0,1.0,1.0,1.0
chfjpy,reg_const_term_360,reg_chfjpy,h15,1.0,1.0,1.0,1.0,1.0,1.0,1.0,1.0
chfjpy,reg_first_360,reg_chfjpy,h15,1.0,1.0,1.0,1.0,1.0,1.0,1.0,1.0
chfjpy,agg_mean_1440,agg_chfjpy,h15,1.0,1.0,1.0,1.0,1.0,1.0,1.0,1.0
chfjpy,reg_mean_1440,reg_chfjpy,h15,1.0,1.0,1.0,1.0,1.0,1.0,1.0,1.0
chfjpy,reg_min_720,reg_chfjpy,h15,1.0,1.0,1.0,1.0,1.0,1.0,1.0,1.0
chfjpy,agg_min_720,agg_chfjpy,h15,1.0,1.0,1.0,1.0,1.0,1.0,1.0,1.0
eurjpy,reg_mean_360,reg_eurjpy,h15,1.0,1.0,1.0,1.0,1.0,1.0,1.0,1.0
eurjpy,agg_mean_360,agg_eurjpy,h15,1.0,1.0,1.0,1.0,1.0,1.0,1.0,1.0
eurjpy,reg_mean_720,reg_eurjpy,h15,1.0,1.0,1.0,1.0,1.0,1.0,1.0,1.0
eurjpy,agg_mean_720,agg_eurjpy,h15,1.0,1.0,1.0,1.0,1.0,1.0,1.0,1.0
chfjpy,reg_max_1440,reg_chfjpy,h15,1.0,1.0,1.0,1.0,1.0,1.0,1.0,1.0
chfjpy,agg_max_1440,agg_chfjpy,h15,1.0,1.0,1.0,1.0,1.0,1.0,1.0,1.0
eurjpy,agg_mean_180,agg_eurjpy,h45,1.0,1.0,1.0,1.0,1.0,1.0,1.0,1.0
eurjpy,reg_mean_180,reg_eurjpy,h45,1.0,1.0,1.0,1.0,1.0,1.0,1.0,1.0
eurjpy,sma_90,lag_eurjpy_90,h75,1.0,1.0,1.0,1.0,1.0,1.0,1.0,1.0
eurjpy,agg_mean_90,agg_eurjpy,h75,1.0,1.0,1.0,1.0,1.0,1.0,1.0,1.0
eurjpy,reg_mean_90,reg_eurjpy,h75,1.0,1.0,1.0,1.0,1.0,1.0,1.0,1.0
usdjpy,reg_mean_360,reg_usdjpy,h15,1.0,1.0,1.0,1.0,1.0,0.9999,0.9999,0.9999
usdjpy,agg_mean_360,agg_usdjpy,h15,1.0,1.0,1.0,1.0,1.0,0.9999,0.9999,0.9999
usdjpy,agg_sum_360,agg_usdjpy,h15,1.0,1.0,1.0,1.0,1.0,0.9999,0.9999,0.9999
usdjpy,agg_sum_720,agg_usdjpy,h15,1.0,1.0,0.9999,0.9999,0.9999,0.9999,0.9999,0.9999
usdjpy,reg_mean_720,reg_usdjpy,h15,1.0,1.0,0.9999,0.9999,0.9999,0.9999,0.9999,0.9999
usdjpy,agg_mean_720,agg_usdjpy,h15,1.0,1.0,0.9999,0.9999,0.9999,0.9999,0.9999,0.9999
eurjpy,sma_45,lag_eurjpy_45,h90,1.0,0.9999,0.9999,0.9999,1.0,1.0,1.0,1.0
eurjpy,agg_mean_45,agg_eurjpy,h90,1.0,0.9999,0.9999,0.9999,0.9999,1.0,1.0,1.0
eurjpy,reg_mean_45,reg_eurjpy,h90,1.0,0.9999,0.9999,0.9999,0.9999,1.0,1.0,1.0
eurjpy,val2,cov_reg_audjpy_eurjpy,h90,1.0,0.9999,0.9999,0.9999,0.9999,1.0,1.0,1.0
eurjpy,val2,cov_agg_audjpy_eurjpy,h90,1.0,0.9999,0.9999,0.9999,0.9999,1.0,1.0,1.0
eurjpy,val1,cov_agg_eurjpy_eurnzd,h90,1.0,0.9999,0.9999,0.9999,0.9999,1.0,1.0,1.0
eurjpy,val1,cov_reg_eurjpy_eurnzd,h90,1.0,0.9999,0.9999,0.9999,0.9999,1.0,1.0,1.0
eurjpy,val1,cov_reg_eurjpy_gbpjpy,h90,1.0,0.9999,0.9999,0.9999,0.9999,1.0,1.0,1.0
eurjpy,val1,cov_agg_eurjpy_gbpjpy,h90,1.0,0.9999,0.9999,0.9999,0.9999,1.0,1.0,1.0
eurjpy,val1,cov_agg_eurjpy_nzdjpy,h90,1.0,0.9999,0.9999,0.9999,0.9999,1.0,1.0,1.0
eurjpy,val1,cov_reg_eurjpy_nzdjpy,h90,1.0,0.9999,0.9999,0.9999,0.9999,1.0,1.0,1.0
eurjpy,val2,cov_agg_eurcad_eurjpy,h90,1.0,0.9999,0.9999,0.9999,0.9999,1.0,1.0,1.0
eurjpy,val2,cov_reg_eurcad_eurjpy,h90,1.0,0.9999,0.9999,0.9999,0.9999,1.0,1.0,1.0
eurjpy,val2,cov_agg_cadjpy_eurjpy,h90,1.0,0.9999,0.9999,0.9999,0.9999,1.0,1.0,1.0
eurjpy,val2,cov_reg_cadjpy_eurjpy,h90,1.0,0.9999,0.9999,0.9999,0.9999,1.0,1.0,1.0
eurjpy,val1,cov_reg_eurjpy_usdjpy,h90,1.0,0.9999,0.9999,0.9999,0.9999,1.0,1.0,1.0
eurjpy,val1,cov_agg_eurjpy_usdjpy,h90,1.0,0.9999,0.9999,0.9999,0.9999,1.0,1.0,1.0
eurjpy,val2,cov_agg_euraud_eurjpy,h90,1.0,0.9999,0.9999,0.9999,0.9999,1.0,1.0,1.0
eurjpy,val2,cov_reg_euraud_eurjpy,h90,1.0,0.9999,0.9999,0.9999,0.9999,1.0,1.0,1.0
eurjpy,val1,cov_agg_eurjpy_eurusd,h90,1.0,0.9999,0.9999,0.9999,0.9999,1.0,1.0,1.0
eurjpy,val1,cov_reg_eurjpy_eurusd,h90,1.0,0.9999,0.9999,0.9999,0.9999,1.0,1.0,1.0
gbpjpy,reg_mean_360,reg_gbpjpy,h15,1.0,1.0,0.9999,0.9999,0.9999,0.9999,0.9999,0.9999
gbpjpy,agg_mean_360,agg_gbpjpy,h15,1.0,1.0,0.9999,0.9999,0.9999,0.9999,0.9999,0.9999
gbpjpy,agg_sum_360,agg_gbpjpy,h15,1.0,1.0,0.9999,0.9999,0.9999,0.9999,0.9999,0.9999
eurjpy,val2,cov_reg_eurgbp_eurjpy,h90,0.9999,0.9999,0.9999,0.9999,0.9999,0.9999,0.9999,0.9999
eurjpy,val2,cov_agg_eurgbp_eurjpy,h90,0.9999,0.9999,0.9999,0.9999,0.9999,0.9999,0.9999,0.9999
eurjpy,val2,cov_agg_eurchf_eurjpy,h90,0.9999,0.9999,0.9999,0.9999,0.9999,0.9999,0.9999,0.9999
eurjpy,val2,cov_reg_eurchf_eurjpy,h90,0.9999,0.9999,0.9999,0.9999,0.9999,0.9999,0.9999,0.9999
eurjpy,high_lag_90,lag_eurjpy_90,h30,0.9999,0.9999,0.9999,0.9999,0.9999,0.9999,0.9999,0.9999
eurjpy,open_lag_90,lag_eurjpy_90,h30,0.9999,0.9999,0.9999,0.9999,0.9999,0.9999,0.9999,0.9999
eurjpy,reg_first_90,reg_eurjpy,h30,0.9999,0.9999,0.9999,0.9999,0.9999,0.9999,0.9999,0.9999
eurjpy,reg_const_term_90,reg_eurjpy,h30,0.9999,0.9999,0.9999,0.9999,0.9999,0.9999,0.9999,0.9999
eurjpy,close_lag_90,lag_eurjpy_90,h30,0.9999,0.9999,0.9999,0.9999,0.9999,0.9999,0.9999,0.9999
eurjpy,agg_max_45,agg_eurjpy,h90,0.9999,0.9999,0.9999,0.9999,0.9999,0.9999,0.9999,0.9999
eurjpy,reg_max_45,reg_eurjpy,h90,0.9999,0.9999,0.9999,0.9999,0.9999,0.9999,0.9999,0.9999
eurjpy,low_lag_90,lag_eurjpy_90,h30,0.9999,0.9999,0.9999,0.9999,0.9999,0.9999,0.9999,0.9999
eurjpy,high_lag_45,lag_eurjpy_45,h75,0.9999,0.9999,0.9999,0.9999,0.9999,0.9999,0.9999,0.9999
eurjpy,agg_max_90,agg_eurjpy,h75,0.9999,0.9999,0.9999,0.9999,0.9999,0.9999,0.9999,0.9999
eurjpy,reg_max_90,reg_eurjpy,h75,0.9999,0.9999,0.9999,0.9999,0.9999,0.9999,0.9999,0.9999
gbpjpy,agg_mean_720,agg_gbpjpy,h15,0.9999,0.9999,0.9999,0.9999,0.9999,0.9999,0.9999,0.9999
gbpjpy,reg_mean_720,reg_gbpjpy,h15,0.9999,0.9999,0.9999,0.9999,0.9999,0.9999,0.9999,0.9999
gbpjpy,agg_sum_720,agg_gbpjpy,h15,0.9999,0.9999,0.9999,0.9999,0.9999,0.9999,0.9999,0.9999
eurjpy,open_lag_45,lag_eurjpy_45,h75,0.9999,0.9999,0.9999,0.9999,0.9999,0.9999,0.9999,0.9999
eurjpy,close_lag_45,lag_eurjpy_45,h75,0.9999,0.9999,0.9999,0.9999,0.9999,0.9999,0.9999,0.9999
eurjpy,reg_const_term_45,reg_eurjpy,h75,0.9999,0.9999,0.9999,0.9999,0.9999,0.9999,0.9999,0.9999
eurjpy,reg_first_45,reg_eurjpy,h75,0.9999,0.9999,0.9999,0.9999,0.9999,0.9999,0.9999,0.9999
eurjpy,val2,cov_lag_audjpy_eurjpy,h75,0.9999,0.9999,0.9999,0.9999,0.9999,0.9999,0.9999,0.9999
eurjpy,val1,cov_lag_eurjpy_eurnzd,h75,0.9999,0.9999,0.9999,0.9999,0.9999,0.9999,0.9999,0.9999
eurjpy,val1,cov_lag_eurjpy_gbpjpy,h75,0.9999,0.9999,0.9999,0.9999,0.9999,0.9999,0.9999,0.9999
eurjpy,high_idx,eurjpy_idx,h105,0.9999,0.9999,0.9999,0.9999,0.9999,0.9999,0.9999,0.9999
eurjpy,val2,cov_lag_eurcad_eurjpy,h75,0.9999,0.9999,0.9999,0.9999,0.9999,0.9999,0.9999,0.9999
eurjpy,val1,cov_lag_eurjpy_nzdjpy,h75,0.9999,0.9999,0.9999,0.9999,0.9999,0.9999,0.9999,0.9999
eurjpy,val2,cov_lag_cadjpy_eurjpy,h75,0.9999,0.9999,0.9999,0.9999,0.9999,0.9999,0.9999,0.9999
chfjpy,reg_first_720,reg_chfjpy,h15,0.9999,0.9999,0.9999,0.9999,0.9999,0.9999,0.9999,0.9999
chfjpy,reg_const_term_720,reg_chfjpy,h15,0.9999,0.9999,0.9999,0.9999,0.9999,0.9999,0.9999,0.9999
eurjpy,reg_ci_upper_45,reg_eurjpy,h105,0.9999,0.9999,0.9999,0.9999,0.9999,0.9999,0.9999,0.9999
eurjpy,reg_ci_upper_90,reg_eurjpy,h105,0.9999,0.9999,0.9999,0.9999,0.9999,0.9999,0.9999,0.9999
eurjpy,reg_ci_upper_180,reg_eurjpy,h105,0.9999,0.9999,0.9999,0.9999,0.9999,0.9999,0.9999,0.9999
eurjpy,val1,cov_lag_eurjpy_usdjpy,h75,0.9999,0.9999,0.9999,0.9999,0.9999,0.9999,0.9999,0.9999
eurjpy,reg_ci_lower_2880,reg_eurjpy,h105,0.9999,0.9999,0.9999,0.9999,0.9999,0.9999,0.9999,0.9999
eurjpy,reg_ci_upper_360,reg_eurjpy,h105,0.9999,0.9999,0.9999,0.9999,0.9999,0.9999,0.9999,0.9999
eurjpy,val2,cov_lag_euraud_eurjpy,h75,0.9999,0.9999,0.9999,0.9999,0.9999,0.9999,0.9999,0.9999
eurjpy,open_idx,eurjpy_idx,h105,0.9999,0.9999,0.9999,0.9999,0.9999,0.9999,0.9999,0.9999
eurjpy,close_idx,eurjpy_idx,h105,0.9999,0.9999,0.9999,0.9999,0.9999,0.9999,0.9999,0.9999
eurjpy,low_lag_45,lag_eurjpy_45,h75,0.9999,0.9999,0.9999,0.9999,0.9999,0.9999,0.9999,0.9999
eurjpy,reg_ci_lower_1440,reg_eurjpy,h105,0.9999,0.9999,0.9999,0.9999,0.9999,0.9999,0.9999,0.9999
eurjpy,reg_ci_upper_720,reg_eurjpy,h105,0.9999,0.9999,0.9999,0.9999,0.9999,0.9999,0.9999,0.9999
eurjpy,val1,cov_lag_eurjpy_eurusd,h75,0.9999,0.9999,0.9999,0.9999,0.9999,0.9999,0.9999,0.9999
eurjpy,reg_ci_upper_1440,reg_eurjpy,h105,0.9999,0.9999,0.9999,0.9999,0.9999,0.9999,0.9999,0.9999
eurjpy,reg_ci_lower_720,reg_eurjpy,h105,0.9999,0.9999,0.9999,0.9999,0.9999,0.9999,0.9999,0.9999
eurjpy,reg_ci_upper_2880,reg_eurjpy,h105,0.9999,0.9999,0.9999,0.9999,0.9999,0.9999,0.9999,0.9999
eurjpy,reg_ci_lower_360,reg_eurjpy,h105,0.9999,0.9999,0.9999,0.9999,0.9999,0.9999,0.9999,0.9999
eurjpy,reg_ci_lower_180,reg_eurjpy,h105,0.9999,0.9999,0.9999,0.9999,0.9999,0.9999,0.9999,0.9999
eurjpy,reg_ci_lower_90,reg_eurjpy,h105,0.9999,0.9999,0.9999,0.9999,0.9999,0.9999,0.9999,0.9999
eurjpy,low_idx,eurjpy_idx,h105,0.9999,0.9999,0.9999,0.9999,0.9999,0.9999,0.9999,0.9999
eurjpy,reg_ci_lower_45,reg_eurjpy,h105,0.9999,0.9999,0.9999,0.9999,0.9999,0.9999,0.9999,0.9999
eurjpy,val2,cov_lag_eurgbp_eurjpy,h75,0.9999,0.9999,0.9999,0.9999,0.9999,0.9999,0.9999,0.9999
eurjpy,reg_max_180,reg_eurjpy,h45,0.9999,0.9999,0.9999,0.9999,0.9999,0.9999,0.9999,0.9999
eurjpy,agg_max_180,agg_eurjpy,h45,0.9999,0.9999,0.9999,0.9999,0.9999,0.9999,0.9999,0.9999
eurjpy,reg_const_term_180,reg_eurjpy,h15,0.9999,0.9999,0.9999,0.9999,0.9999,0.9999,0.9999,0.9999
eurjpy,reg_first_180,reg_eurjpy,h15,0.9999,0.9999,0.9999,0.9999,0.9999,0.9999,0.9999,0.9999
eurjpy,val2,cov_lag_eurchf_eurjpy,h75,0.9999,0.9999,0.9999,0.9999,0.9999,0.9999,0.9999,0.9999
eurjpy,agg_min_45,agg_eurjpy,h90,0.9999,0.9999,0.9999,0.9999,0.9999,0.9999,0.9999,0.9999
eurjpy,reg_min_45,reg_eurjpy,h90,0.9999,0.9999,0.9999,0.9999,0.9999,0.9999,0.9999,0.9999
usdjpy,agg_sum_180,agg_usdjpy,h60,0.9999,0.9999,0.9999,0.9999,0.9999,0.9999,0.9999,0.9999
usdjpy,agg_mean_180,agg_usdjpy,h60,0.9999,0.9999,0.9999,0.9999,0.9999,0.9999,0.9999,0.9999
usdjpy,reg_mean_180,reg_usdjpy,h60,0.9999,0.9999,0.9999,0.9999,0.9999,0.9999,0.9999,0.9999
eurjpy,agg_min_90,agg_eurjpy,h75,0.9999,0.9999,0.9999,0.9999,0.9999,0.9999,0.9999,0.9999
eurjpy,reg_min_90,reg_eurjpy,h75,0.9999,0.9999,0.9999,0.9999,0.9999,0.9999,0.9999,0.9999
eurjpy,reg_max_360,reg_eurjpy,h15,0.9999,0.9999,0.9999,0.9999,0.9999,0.9999,0.9999,0.9999
eurjpy,agg_max_360,agg_eurjpy,h15,0.9999,0.9999,0.9999,0.9999,0.9999,0.9999,0.9999,0.9999
usdjpy,val2,cov_agg_chfjpy_usdjpy,h105,0.9999,0.9999,0.9999,0.9999,0.9999,0.9999,0.9999,0.9999
usdjpy,val2,cov_reg_chfjpy_usdjpy,h105,0.9999,0.9999,0.9999,0.9999,0.9999,0.9999,0.9999,0.9999
eurjpy,reg_min_180,reg_eurjpy,h60,0.9999,0.9999,0.9999,0.9999,0.9999,0.9999,0.9999,0.9999
eurjpy,agg_min_180,agg_eurjpy,h60,0.9999,0.9999,0.9999,0.9999,0.9999,0.9999,0.9999,0.9999
gbpjpy,agg_sum_180,agg_gbpjpy,h45,0.9999,0.9999,0.9999,0.9999,0.9999,0.9999,0.9999,0.9999
gbpjpy,agg_mean_180,agg_gbpjpy,h45,0.9999,0.9999,0.9999,0.9999,0.9999,0.9999,0.9999,0.9999
gbpjpy,reg_mean_180,reg_gbpjpy,h45,0.9999,0.9999,0.9999,0.9999,0.9999,0.9999,0.9999,0.9999
usdjpy,val2,cov_agg_gbpusd_usdjpy,h105,0.9999,0.9999,0.9999,0.9999,0.9999,0.9999,0.9999,0.9999
usdjpy,val2,cov_reg_gbpusd_usdjpy,h105,0.9999,0.9999,0.9999,0.9999,0.9999,0.9999,0.9999,0.9999
usdjpy,sma_90,lag_usdjpy_90,h90,0.9999,0.9999,0.9999,0.9999,0.9999,0.9999,0.9999,0.9999
usdjpy,agg_sum_90,agg_usdjpy,h90,0.9999,0.9999,0.9999,0.9999,0.9999,0.9999,0.9999,0.9999
usdjpy,agg_mean_90,agg_usdjpy,h90,0.9999,0.9999,0.9999,0.9999,0.9999,0.9999,0.9999,0.9999
usdjpy,reg_mean_90,reg_usdjpy,h90,0.9999,0.9999,0.9999,0.9999,0.9999,0.9999,0.9999,0.9999
usdjpy,val2,cov_lag_chfjpy_usdjpy,h90,0.9999,0.9999,0.9999,0.9999,0.9999,0.9999,0.9999,0.9999
usdjpy,val2,cov_lag_gbpusd_usdjpy,h90,0.9999,0.9999,0.9999,0.9999,0.9999,0.9999,0.9999,0.9999
usdjpy,pair2_val,tri_vol_gbp_usd_jpy,h105,0.9999,0.9999,0.9999,0.9999,0.9999,0.9999,0.9999,0.9999
usdjpy,pair2_val,tri_align_gbp_usd_jpy,h105,0.9999,0.9999,0.9999,0.9999,0.9999,0.9999,0.9999,0.9999
usdjpy,pair2_val,tri_mom_gbp_usd_jpy,h105,0.9999,0.9999,0.9999,0.9999,0.9999,0.9999,0.9999,0.9999
usdjpy,pair2_val,tri_agg_gbp_usd_jpy,h105,0.9999,0.9999,0.9999,0.9999,0.9999,0.9999,0.9999,0.9999
usdjpy,sma_45,lag_usdjpy_45,h105,0.9999,0.9999,0.9999,0.9999,0.9999,0.9999,0.9999,0.9999
usdjpy,reg_mean_45,reg_usdjpy,h105,0.9999,0.9999,0.9999,0.9999,0.9999,0.9999,0.9999,0.9999
usdjpy,agg_mean_45,agg_usdjpy,h105,0.9999,0.9999,0.9999,0.9999,0.9999,0.9999,0.9999,0.9999
usdjpy,agg_sum_45,agg_usdjpy,h105,0.9999,0.9999,0.9999,0.9999,0.9999,0.9999,0.9999,0.9999
usdjpy,reg_max_45,reg_usdjpy,h105,0.9999,0.9999,0.9999,0.9999,0.9999,0.9999,0.9999,0.9999
usdjpy,agg_max_45,agg_usdjpy,h105,0.9999,0.9999,0.9999,0.9999,0.9999,0.9999,0.9999,0.9999
usdjpy,val2,cov_reg_nzdjpy_usdjpy,h105,0.9999,0.9999,0.9999,0.9999,0.9999,0.9999,0.9999,0.9999
usdjpy,val2,cov_agg_nzdjpy_usdjpy,h105,0.9999,0.9999,0.9999,0.9999,0.9999,0.9999,0.9999,0.9999
usdjpy,reg_max_90,reg_usdjpy,h90,0.9999,0.9999,0.9999,0.9999,0.9999,0.9999,0.9999,0.9999
usdjpy,agg_max_90,agg_usdjpy,h90,0.9999,0.9999,0.9999,0.9999,0.9999,0.9999,0.9999,0.9999
usdjpy,val2,cov_agg_audjpy_usdjpy,h105,0.9999,0.9999,0.9999,0.9999,0.9999,0.9999,0.9999,0.9999
usdjpy,val2,cov_reg_audjpy_usdjpy,h105,0.9999,0.9999,0.9999,0.9999,0.9999,0.9999,0.9999,0.9999
usdjpy,val2,cov_reg_gbpjpy_usdjpy,h105,0.9999,0.9999,0.9999,0.9999,0.9999,0.9999,0.9999,0.9999
usdjpy,val2,cov_agg_gbpjpy_usdjpy,h105,0.9999,0.9999,0.9999,0.9999,0.9999,0.9999,0.9999,0.9999
usdjpy,val2,cov_reg_cadjpy_usdjpy,h105,0.9999,0.9999,0.9999,0.9999,0.9999,0.9999,0.9999,0.9999
usdjpy,val2,cov_agg_cadjpy_usdjpy,h105,0.9999,0.9999,0.9999,0.9999,0.9999,0.9999,0.9999,0.9999
usdjpy,val2,cov_agg_usdcad_usdjpy,h105,0.9999,0.9999,0.9999,0.9999,0.9999,0.9999,0.9999,0.9999
usdjpy,val2,cov_reg_usdcad_usdjpy,h105,0.9999,0.9999,0.9999,0.9999,0.9999,0.9999,0.9999,0.9999
eurjpy,reg_min_360,reg_eurjpy,h30,0.9999,0.9999,0.9999,0.9999,0.9999,0.9999,0.9999,0.9999
eurjpy,agg_min_360,agg_eurjpy,h30,0.9999,0.9999,0.9999,0.9999,0.9999,0.9999,0.9999,0.9999
gbpjpy,sma_90,lag_gbpjpy_90,h75,0.9999,0.9999,0.9999,0.9999,0.9999,0.9999,0.9999,0.9999
gbpjpy,reg_mean_90,reg_gbpjpy,h75,0.9999,0.9999,0.9999,0.9999,0.9999,0.9999,0.9999,0.9999
gbpjpy,agg_mean_90,agg_gbpjpy,h75,0.9999,0.9999,0.9999,0.9999,0.9999,0.9999,0.9999,0.9999
gbpjpy,agg_sum_90,agg_gbpjpy,h75,0.9999,0.9999,0.9999,0.9999,0.9999,0.9999,0.9999,0.9999
usdjpy,val2,cov_reg_eurusd_usdjpy,h105,0.9999,0.9999,0.9999,0.9999,0.9999,0.9999,0.9999,0.9999
usdjpy,val2,cov_agg_eurusd_usdjpy,h105,0.9999,0.9999,0.9999,0.9999,0.9999,0.9999,0.9999,0.9999
usdjpy,val2,cov_agg_eurjpy_usdjpy,h105,0.9999,0.9999,0.9999,0.9999,0.9999,0.9999,0.9999,0.9999
usdjpy,val2,cov_reg_eurjpy_usdjpy,h105,0.9999,0.9999,0.9999,0.9999,0.9999,0.9999,0.9999,0.9999
usdjpy,high_lag_90,lag_usdjpy_90,h45,0.9999,0.9999,0.9999,0.9999,0.9999,0.9999,0.9999,0.9999
usdjpy,high_lag_45,lag_usdjpy_45,h90,0.9999,0.9999,0.9999,0.9999,0.9999,0.9999,0.9999,0.9999
usdjpy,val2,cov_reg_audusd_usdjpy,h105,0.9999,0.9999,0.9999,0.9999,0.9999,0.9999,0.9999,0.9999
usdjpy,val2,cov_agg_audusd_usdjpy,h105,0.9999,0.9999,0.9999,0.9999,0.9999,0.9999,0.9999,0.9999
usdjpy,val2,cov_agg_nzdusd_usdjpy,h105,0.9999,0.9999,0.9999,0.9999,0.9999,0.9999,0.9999,0.9999
usdjpy,val2,cov_reg_nzdusd_usdjpy,h105,0.9999,0.9999,0.9999,0.9999,0.9999,0.9999,0.9999,0.9999
usdjpy,reg_ci_upper_90,reg_usdjpy,h105,0.9999,0.9999,0.9999,0.9999,0.9999,0.9999,0.9999,0.9999
usdjpy,reg_ci_upper_45,reg_usdjpy,h105,0.9999,0.9999,0.9999,0.9999,0.9999,0.9999,0.9999,0.9999
usdjpy,close_lag_90,lag_usdjpy_90,h45,0.9999,0.9999,0.9999,0.9999,0.9999,0.9999,0.9999,0.9999
usdjpy,open_lag_90,lag_usdjpy_90,h45,0.9999,0.9999,0.9999,0.9999,0.9999,0.9999,0.9999,0.9999
usdjpy,reg_first_90,reg_usdjpy,h45,0.9999,0.9999,0.9999,0.9999,0.9999,0.9999,0.9999,0.9999
usdjpy,reg_const_term_90,reg_usdjpy,h45,0.9999,0.9999,0.9999,0.9999,0.9999,0.9999,0.9999,0.9999
usdjpy,reg_ci_upper_180,reg_usdjpy,h105,0.9999,0.9999,0.9999,0.9999,0.9999,0.9999,0.9999,0.9999
usdjpy,close_lag_45,lag_usdjpy_45,h90,0.9999,0.9999,0.9999,0.9999,0.9999,0.9999,0.9999,0.9999
usdjpy,open_lag_45,lag_usdjpy_45,h90,0.9999,0.9999,0.9999,0.9999,0.9999,0.9999,0.9999,0.9999
usdjpy,reg_max_180,reg_usdjpy,h45,0.9999,0.9999,0.9999,0.9999,0.9999,0.9999,0.9999,0.9999
usdjpy,agg_max_180,agg_usdjpy,h45,0.9999,0.9999,0.9999,0.9999,0.9999,0.9999,0.9999,0.9999
usdjpy,reg_const_term_45,reg_usdjpy,h90,0.9999,0.9999,0.9999,0.9999,0.9999,0.9999,0.9999,0.9999
usdjpy,reg_first_45,reg_usdjpy,h90,0.9999,0.9999,0.9999,0.9999,0.9999,0.9999,0.9999,0.9999
eurjpy,reg_mean_1440,reg_eurjpy,h15,0.9999,0.9999,0.9999,0.9999,0.9999,0.9999,0.9999,0.9999
eurjpy,agg_mean_1440,agg_eurjpy,h15,0.9999,0.9999,0.9999,0.9999,0.9999,0.9999,0.9999,0.9999
usdjpy,reg_ci_upper_360,reg_usdjpy,h105,0.9999,0.9999,0.9999,0.9999,0.9999,0.9999,0.9999,0.9999
usdjpy,high_idx,usdjpy_idx,h105,0.9999,0.9999,0.9999,0.9999,0.9999,0.9999,0.9999,0.9999
usdjpy,reg_ci_upper_720,reg_usdjpy,h105,0.9999,0.9999,0.9999,0.9999,0.9999,0.9999,0.9999,0.9999
usdjpy,val2,cov_lag_nzdjpy_usdjpy,h90,0.9999,0.9999,0.9999,0.9999,0.9999,0.9999,0.9999,0.9999
usdjpy,val2,cov_lag_audjpy_usdjpy,h90,0.9999,0.9999,0.9999,0.9999,0.9999,0.9999,0.9999,0.9999
usdjpy,reg_ci_upper_1440,reg_usdjpy,h105,0.9999,0.9999,0.9999,0.9999,0.9999,0.9999,0.9999,0.9999
usdjpy,val2,cov_lag_gbpjpy_usdjpy,h90,0.9999,0.9999,0.9999,0.9999,0.9999,0.9999,0.9999,0.9999
usdjpy,val2,cov_lag_cadjpy_usdjpy,h90,0.9999,0.9999,0.9999,0.9999,0.9999,0.9999,0.9999,0.9999
usdjpy,reg_ci_upper_2880,reg_usdjpy,h105,0.9999,0.9999,0.9999,0.9999,0.9999,0.9999,0.9999,0.9999
usdjpy,open_idx,usdjpy_idx,h105,0.9999,0.9999,0.9999,0.9999,0.9999,0.9999,0.9999,0.9999
usdjpy,low_lag_90,lag_usdjpy_90,h45,0.9999,0.9999,0.9999,0.9999,0.9999,0.9999,0.9999,0.9999
usdjpy,close_idx,usdjpy_idx,h105,0.9999,0.9999,0.9999,0.9999,0.9999,0.9999,0.9999,0.9999
usdjpy,low_lag_45,lag_usdjpy_45,h90,0.9999,0.9999,0.9999,0.9999,0.9999,0.9999,0.9999,0.9999
usdjpy,val2,cov_lag_usdcad_usdjpy,h90,0.9999,0.9999,0.9999,0.9999,0.9999,0.9999,0.9999,0.9999
usdjpy,reg_ci_lower_2880,reg_usdjpy,h105,0.9999,0.9999,0.9999,0.9999,0.9999,0.9999,0.9999,0.9999
usdjpy,val2,cov_lag_eurusd_usdjpy,h90,0.9999,0.9999,0.9999,0.9999,0.9999,0.9999,0.9999,0.9999
usdjpy,val2,cov_lag_eurjpy_usdjpy,h90,0.9999,0.9999,0.9999,0.9999,0.9999,0.9999,0.9999,0.9999
usdjpy,reg_ci_lower_1440,reg_usdjpy,h105,0.9999,0.9999,0.9999,0.9999,0.9999,0.9999,0.9999,0.9999
usdjpy,reg_ci_lower_720,reg_usdjpy,h105,0.9999,0.9999,0.9999,0.9999,0.9999,0.9999,0.9999,0.9999
gbpjpy,sma_45,lag_gbpjpy_45,h90,0.9999,0.9999,0.9999,0.9999,0.9999,0.9999,0.9999,0.9999
chfjpy,reg_min_1440,reg_chfjpy,h15,0.9999,0.9999,0.9999,0.9999,0.9999,0.9999,0.9999,0.9999
chfjpy,agg_min_1440,agg_chfjpy,h15,0.9999,0.9999,0.9999,0.9999,0.9999,0.9999,0.9999,0.9999
gbpjpy,agg_mean_45,agg_gbpjpy,h90,0.9999,0.9999,0.9999,0.9999,0.9999,0.9999,0.9999,0.9999
gbpjpy,agg_sum_45,agg_gbpjpy,h90,0.9999,0.9999,0.9999,0.9999,0.9999,0.9999,0.9999,0.9999
gbpjpy,reg_mean_45,reg_gbpjpy,h90,0.9999,0.9999,0.9999,0.9999,0.9999,0.9999,0.9999,0.9999
usdjpy,low_idx,usdjpy_idx,h105,0.9999,0.9999,0.9999,0.9999,0.9999,0.9999,0.9999,0.9999
gbpjpy,val2,cov_reg_audjpy_gbpjpy,h90,0.9999,0.9999,0.9999,0.9999,0.9999,0.9999,0.9999,0.9999
gbpjpy,val2,cov_agg_audjpy_gbpjpy,h90,0.9999,0.9999,0.9999,0.9999,0.9999,0.9999,0.9999,0.9999
gbpjpy,val2,cov_reg_gbpcad_gbpjpy,h90,0.9999,0.9999,0.9999,0.9999,0.9999,0.9999,0.9999,0.9999
gbpjpy,val2,cov_agg_gbpcad_gbpjpy,h90,0.9999,0.9999,0.9999,0.9999,0.9999,0.9999,0.9999,0.9999
usdjpy,reg_ci_lower_360,reg_usdjpy,h105,0.9999,0.9999,0.9999,0.9999,0.9999,0.9999,0.9999,0.9999
gbpjpy,val2,cov_agg_gbpaud_gbpjpy,h90,0.9999,0.9999,0.9999,0.9999,0.9999,0.9999,0.9999,0.9999
gbpjpy,val2,cov_reg_gbpaud_gbpjpy,h90,0.9999,0.9999,0.9999,0.9999,0.9999,0.9999,0.9999,0.9999
gbpjpy,val2,cov_agg_cadjpy_gbpjpy,h90,0.9999,0.9999,0.9999,0.9999,0.9999,0.9999,0.9999,0.9999
gbpjpy,val2,cov_reg_cadjpy_gbpjpy,h90,0.9999,0.9999,0.9999,0.9999,0.9999,0.9999,0.9999,0.9999
usdjpy,reg_ci_lower_180,reg_usdjpy,h105,0.9999,0.9999,0.9999,0.9999,0.9999,0.9999,0.9999,0.9999
gbpjpy,val1,cov_agg_gbpjpy_nzdjpy,h90,0.9999,0.9999,0.9999,0.9999,0.9999,0.9999,0.9999,0.9999
gbpjpy,val1,cov_reg_gbpjpy_nzdjpy,h90,0.9999,0.9999,0.9999,0.9999,0.9999,0.9999,0.9999,0.9999
usdjpy,reg_ci_lower_45,reg_usdjpy,h105,0.9999,0.9999,0.9999,0.9999,0.9999,0.9999,0.9999,0.9999
usdjpy,reg_ci_lower_90,reg_usdjpy,h105,0.9999,0.9999,0.9999,0.9999,0.9999,0.9999,0.9999,0.9999
gbpjpy,val1,cov_reg_gbpjpy_usdjpy,h90,0.9999,0.9999,0.9999,0.9999,0.9999,0.9999,0.9999,0.9999
gbpjpy,val1,cov_agg_gbpjpy_usdjpy,h90,0.9999,0.9999,0.9999,0.9999,0.9999,0.9999,0.9999,0.9999
gbpjpy,val1,cov_agg_gbpjpy_gbpnzd,h90,0.9999,0.9999,0.9999,0.9999,0.9999,0.9999,0.9999,0.9999
gbpjpy,val1,cov_reg_gbpjpy_gbpnzd,h90,0.9999,0.9999,0.9999,0.9999,0.9999,0.9999,0.9999,0.9999
gbpjpy,val2,cov_reg_eurjpy_gbpjpy,h90,0.9999,0.9999,0.9999,0.9999,0.9999,0.9999,0.9999,0.9999
gbpjpy,val2,cov_agg_eurjpy_gbpjpy,h90,0.9999,0.9999,0.9999,0.9999,0.9999,0.9999,0.9999,0.9999
eurjpy,val2,cov_agg_chfjpy_eurjpy,h90,0.9999,0.9999,0.9999,0.9999,0.9999,0.9999,0.9999,0.9999
eurjpy,val2,cov_reg_chfjpy_eurjpy,h90,0.9999,0.9999,0.9999,0.9999,0.9999,0.9999,0.9999,0.9999
usdjpy,val2,cov_lag_audusd_usdjpy,h90,0.9999,0.9999,0.9999,0.9999,0.9999,0.9999,0.9999,0.9999
usdjpy,reg_const_term_180,reg_usdjpy,h15,0.9999,0.9999,0.9999,0.9999,0.9999,0.9999,0.9999,0.9999
usdjpy,reg_first_180,reg_usdjpy,h15,0.9999,0.9999,0.9999,0.9999,0.9999,0.9999,0.9999,0.9999
usdjpy,val2,cov_reg_usdchf_usdjpy,h105,0.9999,0.9999,0.9999,0.9999,0.9999,0.9999,0.9999,0.9999
usdjpy,val2,cov_agg_usdchf_usdjpy,h105,0.9999,0.9999,0.9999,0.9999,0.9999,0.9999,0.9999,0.9999
usdjpy,pair2_val,tri_vol_eur_usd_jpy,h105,0.9999,0.9999,0.9999,0.9999,0.9999,0.9999,0.9999,0.9999
usdjpy,pair2_val,tri_mom_eur_usd_jpy,h105,0.9999,0.9999,0.9999,0.9999,0.9999,0.9999,0.9999,0.9999
usdjpy,pair2_val,tri_align_eur_usd_jpy,h105,0.9999,0.9999,0.9999,0.9999,0.9999,0.9999,0.9999,0.9999
usdjpy,pair2_val,tri_agg_eur_usd_jpy,h105,0.9999,0.9999,0.9999,0.9999,0.9999,0.9999,0.9999,0.9999
usdjpy,val2,cov_lag_nzdusd_usdjpy,h90,0.9999,0.9999,0.9999,0.9999,0.9999,0.9999,0.9999,0.9999
gbpjpy,val2,cov_agg_eurgbp_gbpjpy,h90,0.9999,0.9999,0.9999,0.9999,0.9999,0.9999,0.9999,0.9999
gbpjpy,val2,cov_reg_eurgbp_gbpjpy,h90,0.9999,0.9999,0.9999,0.9999,0.9999,0.9999,0.9999,0.9999
usdjpy,pair2_val,tri_align_aud_usd_jpy,h105,0.9999,0.9999,0.9999,0.9999,0.9999,0.9999,0.9999,0.9999
usdjpy,pair2_val,tri_agg_aud_usd_jpy,h105,0.9999,0.9999,0.9999,0.9999,0.9999,0.9999,0.9999,0.9999
usdjpy,pair2_val,tri_vol_aud_usd_jpy,h105,0.9999,0.9999,0.9999,0.9999,0.9999,0.9999,0.9999,0.9999
usdjpy,pair2_val,tri_mom_aud_usd_jpy,h105,0.9999,0.9999,0.9999,0.9999,0.9999,0.9999,0.9999,0.9999
usdjpy,pair2_val,tri_align_nzd_usd_jpy,h105,0.9999,0.9999,0.9999,0.9999,0.9999,0.9999,0.9999,0.9999
usdjpy,pair2_val,tri_reg_nzd_usd_jpy,h105,0.9999,0.9999,0.9999,0.9999,0.9999,0.9999,0.9999,0.9999
usdjpy,pair2_val,tri_agg_nzd_usd_jpy,h105,0.9999,0.9999,0.9999,0.9999,0.9999,0.9999,0.9999,0.9999
usdjpy,pair2_val,tri_vol_nzd_usd_jpy,h105,0.9999,0.9999,0.9999,0.9999,0.9999,0.9999,0.9999,0.9999
usdjpy,pair2_val,tri_mom_nzd_usd_jpy,h105,0.9999,0.9999,0.9999,0.9999,0.9999,0.9999,0.9999,0.9999
gbpjpy,agg_max_45,agg_gbpjpy,h90,0.9999,0.9999,0.9999,0.9999,0.9999,0.9999,0.9999,0.9999
gbpjpy,reg_max_45,reg_gbpjpy,h90,0.9999,0.9999,0.9999,0.9999,0.9999,0.9999,0.9999,0.9999
gbpjpy,high_lag_90,lag_gbpjpy_90,h30,0.9999,0.9999,0.9999,0.9999,0.9999,0.9999,0.9999,0.9999
gbpjpy,agg_max_90,agg_gbpjpy,h75,0.9999,0.9999,0.9999,0.9999,0.9999,0.9999,0.9999,0.9999
gbpjpy,reg_max_90,reg_gbpjpy,h75,0.9999,0.9999,0.9999,0.9999,0.9999,0.9999,0.9999,0.9999
gbpjpy,open_lag_90,lag_gbpjpy_90,h30,0.9999,0.9999,0.9999,0.9999,0.9999,0.9999,0.9999,0.9999
gbpjpy,close_lag_90,lag_gbpjpy_90,h30,0.9999,0.9999,0.9999,0.9999,0.9999,0.9999,0.9999,0.9999
gbpjpy,reg_first_90,reg_gbpjpy,h30,0.9999,0.9999,0.9999,0.9999,0.9999,0.9999,0.9999,0.9999
gbpjpy,reg_const_term_90,reg_gbpjpy,h30,0.9999,0.9999,0.9999,0.9999,0.9999,0.9999,0.9999,0.9999
gbpjpy,high_lag_45,lag_gbpjpy_45,h75,0.9999,0.9999,0.9999,0.9999,0.9999,0.9999,0.9999,0.9999
gbpjpy,low_lag_90,lag_gbpjpy_90,h30,0.9999,0.9999,0.9999,0.9999,0.9999,0.9999,0.9999,0.9999
gbpjpy,open_lag_45,lag_gbpjpy_45,h75,0.9999,0.9999,0.9999,0.9999,0.9999,0.9999,0.9999,0.9999
gbpjpy,close_lag_45,lag_gbpjpy_45,h75,0.9999,0.9999,0.9999,0.9999,0.9999,0.9999,0.9999,0.9999
gbpjpy,high_idx,gbpjpy_idx,h105,0.9999,0.9999,0.9999,0.9999,0.9999,0.9999,0.9999,0.9999
gbpjpy,reg_const_term_45,reg_gbpjpy,h75,0.9999,0.9999,0.9999,0.9999,0.9999,0.9999,0.9999,0.9999
gbpjpy,reg_first_45,reg_gbpjpy,h75,0.9999,0.9999,0.9999,0.9999,0.9999,0.9999,0.9999,0.9999
gbpjpy,reg_ci_upper_45,reg_gbpjpy,h105,0.9999,0.9999,0.9999,0.9999,0.9999,0.9999,0.9999,0.9999
gbpjpy,val2,cov_lag_gbpcad_gbpjpy,h75,0.9999,0.9999,0.9999,0.9999,0.9999,0.9999,0.9999,0.9999
gbpjpy,val2,cov_lag_audjpy_gbpjpy,h75,0.9999,0.9999,0.9999,0.9999,0.9999,0.9999,0.9999,0.9999
gbpjpy,reg_ci_upper_90,reg_gbpjpy,h105,0.9999,0.9999,0.9999,0.9999,0.9999,0.9999,0.9999,0.9999
gbpjpy,reg_ci_upper_1440,reg_gbpjpy,h105,0.9999,0.9999,0.9999,0.9999,0.9999,0.9999,0.9999,0.9999
gbpjpy,val2,cov_lag_gbpaud_gbpjpy,h75,0.9999,0.9999,0.9999,0.9999,0.9999,0.9999,0.9999,0.9999
gbpjpy,reg_ci_upper_180,reg_gbpjpy,h105,0.9999,0.9999,0.9999,0.9999,0.9999,0.9999,0.9999,0.9999
gbpjpy,reg_ci_upper_360,reg_gbpjpy,h105,0.9999,0.9999,0.9999,0.9999,0.9999,0.9999,0.9999,0.9999
gbpjpy,val2,cov_lag_cadjpy_gbpjpy,h75,0.9999,0.9999,0.9999,0.9999,0.9999,0.9999,0.9999,0.9999
gbpjpy,val1,cov_lag_gbpjpy_nzdjpy,h75,0.9999,0.9999,0.9999,0.9999,0.9999,0.9999,0.9999,0.9999
gbpjpy,reg_ci_upper_720,reg_gbpjpy,h105,0.9999,0.9999,0.9999,0.9999,0.9999,0.9999,0.9999,0.9999
gbpjpy,reg_ci_upper_2880,reg_gbpjpy,h105,0.9999,0.9999,0.9999,0.9999,0.9999,0.9999,0.9999,0.9999
gbpjpy,open_idx,gbpjpy_idx,h105,0.9999,0.9999,0.9999,0.9999,0.9999,0.9999,0.9999,0.9999
gbpjpy,close_idx,gbpjpy_idx,h105,0.9999,0.9999,0.9999,0.9999,0.9999,0.9999,0.9999,0.9999
gbpjpy,val1,cov_lag_gbpjpy_usdjpy,h75,0.9999,0.9999,0.9999,0.9999,0.9999,0.9999,0.9999,0.9999
gbpjpy,val1,cov_lag_gbpjpy_gbpnzd,h75,0.9999,0.9999,0.9999,0.9999,0.9999,0.9999,0.9999,0.9999
gbpjpy,low_lag_45,lag_gbpjpy_45,h75,0.9999,0.9999,0.9999,0.9999,0.9999,0.9999,0.9999,0.9999
gbpjpy,reg_ci_lower_2880,reg_gbpjpy,h105,0.9999,0.9999,0.9999,0.9999,0.9999,0.9999,0.9999,0.9999
eurjpy,val2,cov_lag_chfjpy_eurjpy,h60,0.9999,0.9999,0.9999,0.9999,0.9999,0.9999,0.9999,0.9999
usdjpy,val2,cov_lag_usdchf_usdjpy,h90,0.9999,0.9999,0.9999,0.9999,0.9999,0.9999,0.9999,0.9999
gbpjpy,val2,cov_lag_eurjpy_gbpjpy,h75,0.9999,0.9999,0.9999,0.9999,0.9999,0.9999,0.9999,0.9999
gbpjpy,reg_ci_lower_720,reg_gbpjpy,h105,0.9999,0.9999,0.9999,0.9999,0.9999,0.9999,0.9999,0.9999
gbpjpy,reg_ci_lower_360,reg_gbpjpy,h105,0.9999,0.9999,0.9999,0.9999,0.9999,0.9999,0.9999,0.9999
gbpjpy,reg_ci_lower_1440,reg_gbpjpy,h105,0.9999,0.9999,0.9999,0.9999,0.9999,0.9999,0.9999,0.9999
gbpjpy,reg_ci_lower_180,reg_gbpjpy,h105,0.9999,0.9999,0.9999,0.9999,0.9999,0.9999,0.9999,0.9999
gbpjpy,low_idx,gbpjpy_idx,h105,0.9999,0.9999,0.9999,0.9999,0.9999,0.9999,0.9999,0.9999
gbpjpy,reg_ci_lower_90,reg_gbpjpy,h105,0.9999,0.9999,0.9999,0.9999,0.9999,0.9999,0.9999,0.9999
gbpjpy,reg_ci_lower_45,reg_gbpjpy,h105,0.9999,0.9999,0.9999,0.9999,0.9999,0.9999,0.9999,0.9999
gbpjpy,reg_max_180,reg_gbpjpy,h45,0.9999,0.9999,0.9999,0.9999,0.9999,0.9999,0.9999,0.9999
gbpjpy,agg_max_180,agg_gbpjpy,h45,0.9999,0.9999,0.9999,0.9999,0.9999,0.9999,0.9999,0.9999
gbpjpy,val2,cov_lag_eurgbp_gbpjpy,h75,0.9999,0.9999,0.9999,0.9999,0.9999,0.9999,0.9999,0.9999
eurjpy,reg_const_term_360,reg_eurjpy,h15,0.9999,0.9999,0.9999,0.9999,0.9999,0.9999,0.9999,0.9999
eurjpy,reg_first_360,reg_eurjpy,h15,0.9999,0.9999,0.9999,0.9999,0.9999,0.9999,0.9999,0.9999
gbpjpy,val2,cov_reg_gbpchf_gbpjpy,h90,0.9999,0.9999,0.9999,0.9999,0.9999,0.9999,0.9999,0.9999
gbpjpy,val2,cov_agg_gbpchf_gbpjpy,h90,0.9999,0.9999,0.9999,0.9999,0.9999,0.9999,0.9999,0.9999
gbpjpy,reg_const_term_180,reg_gbpjpy,h15,0.9999,0.9999,0.9999,0.9999,0.9999,0.9999,0.9999,0.9999
gbpjpy,reg_first_180,reg_gbpjpy,h15,0.9999,0.9999,0.9999,0.9999,0.9999,0.9999,0.9999,0.9999
eurjpy,reg_max_720,reg_eurjpy,h15,0.9999,0.9999,0.9999,0.9999,0.9999,0.9999,0.9999,0.9999
eurjpy,agg_max_720,agg_eurjpy,h15,0.9999,0.9999,0.9999,0.9999,0.9999,0.9999,0.9999,0.9999
usdjpy,agg_min_45,agg_usdjpy,h105,0.9999,0.9999,0.9999,0.9999,0.9999,0.9999,0.9999,0.9999
usdjpy,reg_min_45,reg_usdjpy,h105,0.9999,0.9999,0.9999,0.9999,0.9999,0.9999,0.9999,0.9999
gbpjpy,reg_min_45,reg_gbpjpy,h105,0.9999,0.9999,0.9999,0.9999,0.9999,0.9999,0.9999,0.9999
gbpjpy,agg_min_45,agg_gbpjpy,h105,0.9999,0.9999,0.9999,0.9999,0.9999,0.9999,0.9999,0.9999
usdjpy,agg_max_360,agg_usdjpy,h15,0.9999,0.9999,0.9999,0.9999,0.9999,0.9999,0.9999,0.9999
usdjpy,reg_max_360,reg_usdjpy,h15,0.9999,0.9999,0.9999,0.9999,0.9999,0.9999,0.9999,0.9999
gbpjpy,reg_min_90,reg_gbpjpy,h90,0.9999,0.9999,0.9999,0.9999,0.9999,0.9999,0.9999,0.9999
gbpjpy,agg_min_90,agg_gbpjpy,h90,0.9999,0.9999,0.9999,0.9999,0.9999,0.9999,0.9999,0.9999
gbpjpy,val2,cov_lag_gbpchf_gbpjpy,h60,0.9999,0.9999,0.9999,0.9999,0.9999,0.9999,0.9999,0.9999
usdjpy,agg_min_90,agg_usdjpy,h105,0.9999,0.9999,0.9999,0.9999,0.9999,0.9999,0.9999,0.9999
usdjpy,reg_min_90,reg_usdjpy,h105,0.9999,0.9999,0.9999,0.9999,0.9999,0.9999,0.9999,0.9999
chfjpy,agg_mean_2880,agg_chfjpy,h15,0.9999,0.9999,0.9999,0.9999,0.9999,0.9999,0.9999,0.9999
chfjpy,reg_mean_2880,reg_chfjpy,h15,0.9999,0.9999,0.9999,0.9999,0.9999,0.9999,0.9999,0.9999
gbpjpy,agg_min_180,agg_gbpjpy,h75,0.9999,0.9999,0.9999,0.9999,0.9999,0.9999,0.9999,0.9999
gbpjpy,reg_min_180,reg_gbpjpy,h75,0.9999,0.9999,0.9999,0.9999,0.9999,0.9999,0.9999,0.9999
gbpjpy,reg_max_360,reg_gbpjpy,h15,0.9999,0.9999,0.9999,0.9999,0.9999,0.9999,0.9999,0.9999
gbpjpy,agg_max_360,agg_gbpjpy,h15,0.9999,0.9999,0.9999,0.9999,0.9999,0.9999,0.9999,0.9999
eurchf,agg_mean_360,agg_eurchf,h15,0.9999,0.9999,0.9999,0.9999,0.9999,0.9999,0.9999,0.9999
eurchf,reg_mean_360,reg_eurchf,h15,0.9999,0.9999,0.9999,0.9999,0.9999,0.9999,0.9999,0.9999
cadjpy,agg_sum_360,agg_cadjpy,h15,0.9999,0.9999,0.9999,0.9999,0.9999,0.9999,0.9999,0.9999
cadjpy,agg_mean_360,agg_cadjpy,h15,0.9999,0.9999,0.9999,0.9999,0.9999,0.9999,0.9999,0.9999
cadjpy,reg_mean_360,reg_cadjpy,h15,0.9999,0.9999,0.9999,0.9999,0.9999,0.9999,0.9999,0.9999
gbpjpy,val1,cov_reg_gbpjpy_gbpusd,h90,0.9999,0.9999,0.9999,0.9999,0.9999,0.9999,0.9999,0.9999
gbpjpy,val1,cov_agg_gbpjpy_gbpusd,h90,0.9999,0.9999,0.9999,0.9999,0.9999,0.9999,0.9999,0.9999
eurjpy,agg_min_720,agg_eurjpy,h15,0.9999,0.9999,0.9999,0.9999,0.9999,0.9999,0.9999,0.9999
eurjpy,reg_min_720,reg_eurjpy,h15,0.9999,0.9999,0.9999,0.9999,0.9999,0.9999,0.9999,0.9999
cadjpy,agg_mean_720,agg_cadjpy,h15,0.9999,0.9999,0.9999,0.9999,0.9999,0.9999,0.9999,0.9999
cadjpy,reg_mean_720,reg_cadjpy,h15,0.9999,0.9999,0.9999,0.9999,0.9999,0.9999,0.9999,0.9999
cadjpy,agg_sum_720,agg_cadjpy,h15,0.9999,0.9999,0.9999,0.9999,0.9999,0.9999,0.9999,0.9999
usdjpy,agg_min_180,agg_usdjpy,h90,0.9999,0.9999,0.9999,0.9999,0.9999,0.9999,0.9999,0.9999
usdjpy,reg_min_180,reg_usdjpy,h90,0.9999,0.9999,0.9999,0.9999,0.9999,0.9999,0.9999,0.9999
eurchf,reg_mean_720,reg_eurchf,h15,0.9999,0.9999,0.9999,0.9999,0.9999,0.9999,0.9999,0.9999
eurchf,agg_mean_720,agg_eurchf,h15,0.9999,0.9999,0.9999,0.9999,0.9999,0.9999,0.9999,0.9999
gbpjpy,val2,cov_agg_chfjpy_gbpjpy,h90,0.9999,0.9999,0.9999,0.9999,0.9999,0.9999,0.9999,0.9999
gbpjpy,val2,cov_reg_chfjpy_gbpjpy,h90,0.9999,0.9999,0.9999,0.9999,0.9999,0.9999,0.9999,0.9999
gbpjpy,val1,cov_lag_gbpjpy_gbpusd,h60,0.9999,0.9999,0.9999,0.9999,0.9999,0.9999,0.9999,0.9999
usdjpy,agg_sum_1440,agg_usdjpy,h15,0.9999,0.9999,0.9999,0.9999,0.9999,0.9999,0.9999,0.9999
usdjpy,agg_mean_1440,agg_usdjpy,h15,0.9999,0.9999,0.9999,0.9999,0.9999,0.9999,0.9999,0.9999
usdjpy,reg_mean_1440,reg_usdjpy,h15,0.9999,0.9999,0.9999,0.9999,0.9999,0.9999,0.9999,0.9999
gbpjpy,agg_min_360,agg_gbpjpy,h30,0.9999,0.9999,0.9999,0.9999,0.9999,0.9999,0.9999,0.9999
gbpjpy,reg_min_360,reg_gbpjpy,h30,0.9999,0.9999,0.9999,0.9999,0.9999,0.9999,0.9999,0.9999
chfjpy,reg_max_2880,reg_chfjpy,h15,0.9999,0.9999,0.9999,0.9999,0.9999,0.9999,0.9999,0.9999
chfjpy,agg_max_2880,agg_chfjpy,h15,0.9999,0.9999,0.9999,0.9999,0.9999,0.9999,0.9999,0.9999
usdjpy,reg_first_360,reg_usdjpy,h15,0.9999,0.9999,0.9999,0.9999,0.9999,0.9999,0.9999,0.9999
usdjpy,reg_const_term_360,reg_usdjpy,h15,0.9999,0.9999,0.9999,0.9999,0.9999,0.9999,0.9999,0.9999
gbpjpy,val2,cov_lag_chfjpy_gbpjpy,h60,0.9999,0.9999,0.9999,0.9999,0.9999,0.9999,0.9999,0.9999
gbpjpy,agg_mean_1440,agg_gbpjpy,h15,0.9999,0.9999,0.9999,0.9999,0.9999,0.9999,0.9999,0.9999
gbpjpy,reg_mean_1440,reg_gbpjpy,h15,0.9999,0.9999,0.9999,0.9999,0.9999,0.9999,0.9999,0.9999
gbpjpy,agg_sum_1440,agg_gbpjpy,h15,0.9999,0.9999,0.9999,0.9999,0.9999,0.9999,0.9999,0.9999
eurchf,agg_mean_180,agg_eurchf,h45,0.9999,0.9999,0.9999,0.9999,0.9999,0.9999,0.9999,0.9999
eurchf,reg_mean_180,reg_eurchf,h45,0.9999,0.9999,0.9999,0.9999,0.9999,0.9999,0.9999,0.9999
cadjpy,agg_sum_180,agg_cadjpy,h45,0.9999,0.9999,0.9999,0.9999,0.9999,0.9999,0.9999,0.9999
cadjpy,agg_mean_180,agg_cadjpy,h45,0.9999,0.9999,0.9999,0.9999,0.9999,0.9999,0.9999,0.9999
cadjpy,reg_mean_180,reg_cadjpy,h45,0.9999,0.9999,0.9999,0.9999,0.9999,0.9999,0.9999,0.9999
nzdchf,reg_mean_360,reg_nzdchf,h15,0.9999,0.9999,0.9999,0.9999,0.9999,0.9999,0.9999,0.9999
nzdchf,agg_mean_360,agg_nzdchf,h15,0.9999,0.9999,0.9999,0.9999,0.9999,0.9999,0.9999,0.9999
gbpjpy,reg_const_term_360,reg_gbpjpy,h15,0.9999,0.9999,0.9999,0.9999,0.9999,0.9999,0.9999,0.9999
gbpjpy,reg_first_360,reg_gbpjpy,h15,0.9999,0.9999,0.9999,0.9999,0.9999,0.9999,0.9999,0.9999
nzdchf,agg_mean_720,agg_nzdchf,h15,0.9999,0.9999,0.9999,0.9999,0.9999,0.9999,0.9999,0.9999
nzdchf,reg_mean_720,reg_nzdchf,h15,0.9999,0.9999,0.9999,0.9999,0.9999,0.9999,0.9999,0.9999
eurchf,sma_90,lag_eurchf_90,h75,0.9999,0.9999,0.9999,0.9999,0.9999,0.9999,0.9999,0.9999
usdjpy,agg_min_360,agg_usdjpy,h45,0.9999,0.9999,0.9999,0.9999,0.9999,0.9999,0.9999,0.9999
usdjpy,reg_min_360,reg_usdjpy,h45,0.9999,0.9999,0.9999,0.9999,0.9999,0.9999,0.9999,0.9999
eurchf,agg_mean_90,agg_eurchf,h75,0.9999,0.9999,0.9999,0.9999,0.9999,0.9999,0.9999,0.9999
eurchf,reg_mean_90,reg_eurchf,h75,0.9999,0.9999,0.9999,0.9999,0.9999,0.9999,0.9999,0.9999
eurchf,val2,cov_agg_chfjpy_eurchf,h105,0.9999,0.9999,0.9999,0.9999,0.9999,0.9999,0.9999,0.9999
eurchf,val2,cov_reg_chfjpy_eurchf,h105,0.9999,0.9999,0.9999,0.9999,0.9999,0.9999,0.9999,0.9999
eurchf,val1,cov_reg_eurchf_gbpchf,h105,0.9999,0.9999,0.9999,0.9999,0.9999,0.9999,0.9999,0.9999
eurchf,val1,cov_agg_eurchf_gbpchf,h105,0.9999,0.9999,0.9999,0.9999,0.9999,0.9999,0.9999,0.9999
cadjpy,sma_90,lag_cadjpy_90,h75,0.9999,0.9999,0.9999,0.9999,0.9999,0.9999,0.9999,0.9999
cadjpy,agg_mean_90,agg_cadjpy,h75,0.9999,0.9999,0.9999,0.9999,0.9999,0.9999,0.9999,0.9999
cadjpy,reg_mean_90,reg_cadjpy,h75,0.9999,0.9999,0.9999,0.9999,0.9999,0.9999,0.9999,0.9999
cadjpy,agg_sum_90,agg_cadjpy,h75,0.9999,0.9999,0.9999,0.9999,0.9999,0.9999,0.9999,0.9999
eurchf,val2,cov_reg_cadchf_eurchf,h90,0.9999,0.9999,0.9999,0.9999,0.9999,0.9999,0.9999,0.9999
eurchf,val2,cov_agg_cadchf_eurchf,h90,0.9999,0.9999,0.9999,0.9999,0.9999,0.9999,0.9999,0.9999
gbpjpy,reg_max_720,reg_gbpjpy,h15,0.9999,0.9999,0.9999,0.9999,0.9999,0.9999,0.9999,0.9999
gbpjpy,agg_max_720,agg_gbpjpy,h15,0.9999,0.9999,0.9999,0.9999,0.9999,0.9999,0.9999,0.9999
usdjpy,reg_max_720,reg_usdjpy,h15,0.9999,0.9999,0.9999,0.9999,0.9999,0.9999,0.9999,0.9999
usdjpy,agg_max_720,agg_usdjpy,h15,0.9999,0.9999,0.9999,0.9999,0.9999,0.9999,0.9999,0.9999
eurchf,sma_45,lag_eurchf_45,h105,0.9999,0.9999,0.9999,0.9999,0.9999,0.9999,0.9999,0.9999
eurchf,agg_mean_45,agg_eurchf,h105,0.9999,0.9999,0.9999,0.9999,0.9999,0.9999,0.9999,0.9999
eurchf,reg_mean_45,reg_eurchf,h105,0.9999,0.9999,0.9999,0.9999,0.9999,0.9999,0.9999,0.9999
eurchf,val1,cov_reg_eurchf_eurnzd,h105,0.9999,0.9999,0.9999,0.9999,0.9999,0.9999,0.9999,0.9999
eurchf,val1,cov_agg_eurchf_eurnzd,h105,0.9999,0.9999,0.9999,0.9999,0.9999,0.9999,0.9999,0.9999
eurchf,val2,cov_reg_eurcad_eurchf,h105,0.9999,0.9999,0.9999,0.9999,0.9999,0.9999,0.9999,0.9999
eurchf,val2,cov_agg_eurcad_eurchf,h105,0.9999,0.9999,0.9999,0.9999,0.9999,0.9999,0.9999,0.9999
eurchf,val1,cov_reg_eurchf_eurusd,h105,0.9999,0.9999,0.9999,0.9999,0.9999,0.9999,0.9999,0.9999
eurchf,val1,cov_agg_eurchf_eurusd,h105,0.9999,0.9999,0.9999,0.9999,0.9999,0.9999,0.9999,0.9999
eurchf,val2,cov_agg_euraud_eurchf,h105,0.9999,0.9999,0.9999,0.9999,0.9999,0.9999,0.9999,0.9999
eurchf,val2,cov_reg_euraud_eurchf,h105,0.9999,0.9999,0.9999,0.9999,0.9999,0.9999,0.9999,0.9999
eurchf,val1,cov_agg_eurchf_eurjpy,h105,0.9999,0.9999,0.9999,0.9999,0.9999,0.9999,0.9999,0.9999
eurchf,val1,cov_reg_eurchf_eurjpy,h105,0.9999,0.9999,0.9999,0.9999,0.9999,0.9999,0.9999,0.9999
eurchf,val1,cov_agg_eurchf_nzdchf,h105,0.9999,0.9999,0.9999,0.9999,0.9999,0.9999,0.9999,0.9999
eurchf,val1,cov_reg_eurchf_nzdchf,h105,0.9999,0.9999,0.9999,0.9999,0.9999,0.9999,0.9999,0.9999
eurchf,val2,cov_agg_audchf_eurchf,h105,0.9999,0.9999,0.9999,0.9999,0.9999,0.9999,0.9999,0.9999
eurchf,val2,cov_reg_audchf_eurchf,h105,0.9999,0.9999,0.9999,0.9999,0.9999,0.9999,0.9999,0.9999
